"0","#Calculating thetahat of Model 1"
"0","#Binding data from equation of model 1."
"0","X_model1<-cbind(ones,(X[,""X4""]),(X[,""X1""])^2,(X[,""X1""])^3,(X[,""X3""])^4)"
"0","X_model1"
"1","      "
"1"," [,1]"
"1","       [,2]"
"1","         [,3]"
"1","          [,4]"
"1","         [,5]"
"1","
  [1,]"
"1","    1"
"1"," -0.2888940"
"1"," 9.448369e+00"
"1"," -2.904259e+01"
"1"," 5.937488e+01"
"1","
  [2,]"
"1","    1"
"1","  0.5778450"
"1"," 1.218820e-01"
"1","  4.255095e-02"
"1"," 1.019948e+00"
"1","
  [3,]"
"1","    1"
"1"," -2.6973800"
"1"," 1.019494e+00"
"1"," -1.029383e+00"
"1"," 6.926997e-01"
"1","
  [4,]"
"1","    1"
"1"," -1.6222700"
"1"," 6.522307e-01"
"1"," -5.267467e-01"
"1"," 1.427540e-03"
"1","
  [5,]"
"1","    1"
"1","  1.5582200"
"1"," 4.323281e+00"
"1","  8.989181e+00"
"1"," 1.382004e+01"
"1","
  [6,]"
"1","    1"
"1","  2.3810600"
"1"," 1.055730e+01"
"1","  3.430278e+01"
"1"," 1.047429e+01"
"1","
  [7,]"
"1","    1"
"1","  2.6061900"
"1"," 1.777061e+01"
"1","  7.491236e+01"
"1"," 7.165867e-02"
"1","
  [8,]"
"1","    1"
"1","  5.0223400"
"1"," 2.201740e+01"
"1","  1.033116e+02"
"1"," 8.728569e+01"
"1","
  [9,]"
"1","    1"
"1","  4.8477900"
"1"," 9.084196e+00"
"1","  2.737977e+01"
"1"," 4.835850e-02"
"1","
 [10,]"
"1","    1"
"1","  4.3277700"
"1"," 2.256934e+01"
"1","  1.072206e+02"
"1"," 9.223117e-05"
"1","
 [11,]"
"1","    1"
"1"," -1.3276800"
"1"," 9.848362e-02"
"1","  3.090623e-02"
"1"," 4.148496e+00"
"1","
 [12,]"
"1","    1"
"1"," -2.2250600"
"1"," 1.175166e+01"
"1"," -4.028553e+01"
"1"," 2.115950e-01"
"1","
 [13,]"
"1","    1"
"1"," -5.0677300"
"1"," 3.033674e+01"
"1"," -1.670911e+02"
"1"," 1.194300e+00"
"1","
 [14,]"
"1","    1"
"1"," -4.6078300"
"1"," 1.157156e+01"
"1"," -3.936299e+01"
"1"," 1.494738e+00"
"1","
 [15,]"
"1","    1"
"1"," -6.3688000"
"1"," 1.654602e+01"
"1"," -6.730392e+01"
"1"," 1.011895e+02"
"1","
 [16,]"
"1","    1"
"1"," -4.9585600"
"1"," 5.472360e+01"
"1"," -4.048200e+02"
"1"," 8.565692e+01"
"1","
 [17,]"
"1","    1"
"1"," -0.9920120"
"1"," 2.837608e+01"
"1"," -1.511571e+02"
"1"," 1.020080e+01"
"1","
 [18,]"
"1","    1"
"1","  4.9579800"
"1"," 1.442713e+00"
"1","  1.732886e+00"
"1"," 2.309028e-01"
"1","
 [19,]"
"1","    1"
"1","  4.4383500"
"1"," 1.494217e+01"
"1","  5.775910e+01"
"1"," 2.972574e+01"
"1","
 [20,]"
"1","    1"
"1","  5.1561700"
"1"," 4.166048e+00"
"1","  8.503280e+00"
"1"," 9.289836e+02"
"1","
 [21,]"
"1","    1"
"1","  1.3513700"
"1"," 2.460412e+00"
"1","  3.859328e+00"
"1"," 7.482675e+01"
"1","
 [22,]"
"1","    1"
"1"," -3.4789200"
"1"," 6.540491e-01"
"1","  5.289511e-01"
"1"," 7.848428e-03"
"1","
 [23,]"
"1","    1"
"1"," -3.0095400"
"1"," 8.765330e+00"
"1","  2.595090e+01"
"1"," 2.391635e-04"
"1","
 [24,]"
"1","    1"
"1"," -2.0134500"
"1"," 3.837257e-01"
"1","  2.377012e-01"
"1"," 1.337408e+00"
"1","
 [25,]"
"1","    1"
"1"," -0.4084230"
"1"," 7.450832e-01"
"1","  6.431424e-01"
"1"," 1.287506e+01"
"1","
 [26,]"
"1","    1"
"1","  3.6288800"
"1"," 1.071129e+01"
"1","  3.505600e+01"
"1"," 1.010521e+00"
"1","
 [27,]"
"1","    1"
"1","  2.4608300"
"1"," 1.170625e+01"
"1","  4.005224e+01"
"1"," 6.391251e+01"
"1","
 [28,]"
"1","    1"
"1","  2.0153200"
"1"," 1.278799e+00"
"1","  1.446117e+00"
"1"," 1.185595e+00"
"1","
 [29,]"
"1","    1"
"1","  3.6869700"
"1"," 4.414327e+00"
"1","  9.274634e+00"
"1"," 1.817768e+00"
"1","
 [30,]"
"1","    1"
"1","  3.8758200"
"1"," 1.851142e+01"
"1","  7.964520e+01"
"1"," 1.024743e+02"
"1","
 [31,]"
"1","    1"
"1","  3.0175400"
"1"," 6.310697e+00"
"1","  1.585316e+01"
"1"," 4.801335e+02"
"1","
 [32,]"
"1","    1"
"1"," -3.5667000"
"1"," 2.395036e+01"
"1"," -1.172109e+02"
"1"," 1.626255e+02"
"1","
 [33,]"
"1","    1"
"1"," -5.0491600"
"1"," 7.143512e+01"
"1"," -6.037646e+02"
"1"," 8.760129e-01"
"1","
 [34,]"
"1","    1"
"1"," -7.4703400"
"1"," 4.623347e+01"
"1"," -3.143654e+02"
"1"," 4.160872e+01"
"1","
 [35,]"
"1","    1"
"1"," -7.3753300"
"1"," 2.014520e+01"
"1"," -9.041849e+01"
"1"," 1.328962e+02"
"1","
 [36,]"
"1","    1"
"1"," -7.5725500"
"1"," 5.907536e+01"
"1"," -4.540562e+02"
"1"," 1.369210e+02"
"1","
 [37,]"
"1","    1"
"1"," -3.6973000"
"1"," 2.913808e+01"
"1"," -1.572865e+02"
"1"," 2.367877e+00"
"1","
 [38,]"
"1","    1"
"1","  0.3965480"
"1"," 5.233481e-01"
"1","  3.786046e-01"
"1"," 4.495119e-02"
"1","
 [39,]"
"1","    1"
"1","  3.0925300"
"1"," 3.136717e+01"
"1","  1.756762e+02"
"1"," 7.385356e+01"
"1","
 [40,]"
"1","    1"
"1","  6.9619400"
"1"," 3.279624e+01"
"1","  1.878175e+02"
"1"," 1.677265e+01"
"1","
 [41,]"
"1","    1"
"1","  8.0037700"
"1"," 3.065383e+01"
"1","  1.697177e+02"
"1"," 1.105554e+03"
"1","
 [42,]"
"1","    1"
"1","  6.7933500"
"1"," 2.071788e+01"
"1","  9.430138e+01"
"1"," 2.201680e+02"
"1","
 [43,]"
"1","    1"
"1","  5.5423800"
"1"," 2.514601e+01"
"1","  1.260967e+02"
"1"," 1.602775e+02"
"1","
 [44,]"
"1","    1"
"1","  2.8981700"
"1"," 3.424719e+01"
"1","  2.004183e+02"
"1"," 6.334748e+01"
"1","
 [45,]"
"1","    1"
"1"," -1.4068700"
"1"," 6.997559e+00"
"1","  1.851057e+01"
"1"," 4.067887e+01"
"1","
 [46,]"
"1","    1"
"1"," -0.4914740"
"1"," 6.994808e+00"
"1","  1.849966e+01"
"1"," 2.069579e-03"
"1","
 [47,]"
"1","    1"
"1"," -1.6134500"
"1"," 6.286252e-02"
"1"," -1.576114e-02"
"1"," 1.064440e+01"
"1","
 [48,]"
"1","    1"
"1"," -2.8025600"
"1"," 1.817300e+01"
"1"," -7.747113e+01"
"1"," 1.400734e+01"
"1","
 [49,]"
"1","    1"
"1"," -4.1242400"
"1"," 6.238836e+01"
"1"," -4.927825e+02"
"1"," 3.696726e+01"
"1","
 [50,]"
"1","    1"
"1"," -2.4313200"
"1"," 3.871515e+01"
"1"," -2.408915e+02"
"1"," 3.842087e+01"
"1","
 [51,]"
"1","    1"
"1"," -2.8507300"
"1"," 1.289327e+01"
"1"," -4.629612e+01"
"1"," 4.177966e+02"
"1","
 [52,]"
"1","    1"
"1"," -2.5984500"
"1"," 2.056405e+01"
"1"," -9.325302e+01"
"1"," 1.858367e+02"
"1","
 [53,]"
"1","    1"
"1"," -3.0267300"
"1"," 1.407068e+01"
"1"," -5.278037e+01"
"1"," 2.384719e+00"
"1","
 [54,]"
"1","    1"
"1"," -1.4113100"
"1"," 2.392559e+00"
"1"," -3.700787e+00"
"1"," 6.621198e-04"
"1","
 [55,]"
"1","    1"
"1","  1.7750000"
"1"," 1.174488e+01"
"1","  4.025063e+01"
"1"," 2.187653e+02"
"1","
 [56,]"
"1","    1"
"1"," -1.0210200"
"1"," 7.738189e+00"
"1","  2.152578e+01"
"1"," 4.550843e-05"
"1","
 [57,]"
"1","    1"
"1"," -1.3045900"
"1"," 2.550377e+00"
"1"," -4.072927e+00"
"1"," 9.084055e-01"
"1","
 [58,]"
"1","    1"
"1","  0.5563080"
"1"," 1.038109e-01"
"1"," -3.344756e-02"
"1"," 2.878487e+00"
"1","
 [59,]"
"1","    1"
"1","  0.6431410"
"1"," 4.212674e+00"
"1","  8.646429e+00"
"1"," 7.565558e+00"
"1","
 [60,]"
"1","    1"
"1","  2.7437900"
"1"," 4.397467e+01"
"1","  2.916110e+02"
"1"," 1.101495e-01"
"1","
 [61,]"
"1","    1"
"1","  2.9638400"
"1"," 2.188621e+01"
"1","  1.023896e+02"
"1"," 1.223195e-06"
"1","
 [62,]"
"1","    1"
"1","  3.3100200"
"1"," 1.474806e+01"
"1","  5.663726e+01"
"1"," 1.504092e+02"
"1","
 [63,]"
"1","    1"
"1","  4.7055600"
"1"," 1.873868e+01"
"1","  8.111638e+01"
"1"," 8.177170e+01"
"1","
 [64,]"
"1","    1"
"1","  4.8535400"
"1"," 1.929116e+01"
"1","  8.473004e+01"
"1"," 3.917690e+02"
"1","
 [65,]"
"1","    1"
"1","  2.7897800"
"1"," 5.648981e-01"
"1"," -4.245757e-01"
"1"," 6.187535e-06"
"1","
 [66,]"
"1","    1"
"1","  3.8661100"
"1"," 2.221650e+00"
"1"," -3.311414e+00"
"1"," 2.019872e+02"
"1","
 [67,]"
"1","    1"
"1","  0.2967470"
"1"," 5.241810e+00"
"1"," -1.200112e+01"
"1"," 1.108287e-01"
"1","
 [68,]"
"1","    1"
"1"," -3.0837500"
"1"," 2.296649e-04"
"1","  3.480503e-06"
"1"," 2.381862e+01"
"1","
 [69,]"
"1","    1"
"1"," -3.2086500"
"1"," 4.703607e+00"
"1"," -1.020109e+01"
"1"," 9.433261e+00"
"1","
 [70,]"
"1","    1"
"1"," -8.6762000"
"1"," 7.415621e+01"
"1"," -6.385888e+02"
"1"," 1.267264e+03"
"1","
 [71,]"
"1","    1"
"1"," -7.1548000"
"1"," 5.963871e+01"
"1"," -4.605665e+02"
"1"," 4.072630e+02"
"1","
 [72,]"
"1","    1"
"1"," -6.5743800"
"1"," 5.991286e+01"
"1"," -4.637459e+02"
"1"," 5.829151e+01"
"1","
 [73,]"
"1","    1"
"1"," -4.0378800"
"1"," 5.120275e+01"
"1"," -3.663869e+02"
"1"," 2.377251e+01"
"1","
 [74,]"
"1","    1"
"1"," -0.7930710"
"1"," 5.164938e+00"
"1"," -1.173810e+01"
"1"," 8.494808e-02"
"1","
 [75,]"
"1","    1"
"1","  2.3811000"
"1"," 5.016480e+00"
"1","  1.123566e+01"
"1"," 1.126522e+01"
"1","
 [76,]"
"1","    1"
"1","  4.6540000"
"1"," 6.658054e+01"
"1","  5.432766e+02"
"1"," 5.290346e+02"
"1","
 [77,]"
"1","    1"
"1","  3.0229300"
"1"," 3.037090e+01"
"1","  1.673734e+02"
"1"," 3.237860e+02"
"1","
 [78,]"
"1","    1"
"1","  2.0311600"
"1"," 2.010536e+01"
"1","  9.015042e+01"
"1"," 1.359422e+02"
"1","
 [79,]"
"1","    1"
"1","  3.6939500"
"1"," 3.138935e+01"
"1","  1.758626e+02"
"1"," 2.341644e+00"
"1","
 [80,]"
"1","    1"
"1","  2.9134800"
"1"," 3.168080e+01"
"1","  1.783176e+02"
"1"," 2.040050e-06"
"1","
 [81,]"
"1","    1"
"1","  0.6739890"
"1"," 1.081600e+00"
"1","  1.124864e+00"
"1"," 1.321551e+01"
"1","
 [82,]"
"1","    1"
"1","  0.1287390"
"1"," 6.100851e+00"
"1"," -1.506904e+01"
"1"," 3.090856e+02"
"1","
 [83,]"
"1","    1"
"1","  2.3970500"
"1"," 1.587499e+00"
"1","  2.000185e+00"
"1"," 5.260960e-01"
"1","
 [84,]"
"1","    1"
"1","  4.0700500"
"1"," 4.204537e+01"
"1","  2.726323e+02"
"1"," 1.596921e-01"
"1","
 [85,]"
"1","    1"
"1","  1.2440800"
"1"," 1.205097e+01"
"1","  4.183432e+01"
"1"," 3.495372e+00"
"1","
 [86,]"
"1","    1"
"1"," -0.3204940"
"1"," 9.311225e-02"
"1"," -2.841255e-02"
"1"," 9.387818e-05"
"1","
 [87,]"
"1","    1"
"1"," -3.7607400"
"1"," 2.010939e+01"
"1"," -9.017757e+01"
"1"," 3.557290e-02"
"1","
 [88,]"
"1","    1"
"1"," -3.7568600"
"1"," 3.629918e+01"
"1"," -2.186982e+02"
"1"," 1.760007e-01"
"1","
 [89,]"
"1","    1"
"1"," -5.8949400"
"1"," 3.134309e+01"
"1"," -1.754740e+02"
"1"," 1.753267e-01"
"1","
 [90,]"
"1","    1"
"1"," -5.5797300"
"1"," 3.981067e+01"
"1"," -2.511882e+02"
"1"," 7.107702e+01"
"1","
 [91,]"
"1","    1"
"1"," -2.8114500"
"1"," 1.544404e+01"
"1"," -6.069336e+01"
"1"," 9.565938e+00"
"1","
 [92,]"
"1","    1"
"1"," -1.1110000"
"1"," 9.655087e-01"
"1"," -9.487117e-01"
"1"," 7.738956e-02"
"1","
 [93,]"
"1","    1"
"1","  1.1984200"
"1"," 7.102394e-01"
"1"," -5.985592e-01"
"1"," 5.430981e+00"
"1","
 [94,]"
"1","    1"
"1","  2.7161200"
"1"," 1.108710e-01"
"1"," -3.691706e-02"
"1"," 7.591646e+01"
"1","
 [95,]"
"1","    1"
"1","  5.0092800"
"1"," 1.660734e+01"
"1","  6.767838e+01"
"1"," 1.548326e+03"
"1","
 [96,]"
"1","    1"
"1","  2.0383800"
"1"," 2.078248e+01"
"1","  9.474273e+01"
"1"," 7.277095e+00"
"1","
 [97,]"
"1","    1"
"1","  2.1418200"
"1"," 1.414663e+01"
"1","  5.320829e+01"
"1"," 2.350108e+01"
"1","
 [98,]"
"1","    1"
"1","  0.4984910"
"1"," 8.392649e-01"
"1"," -7.688623e-01"
"1"," 4.747406e-02"
"1","
 [99,]"
"1","    1"
"1","  1.3458100"
"1"," 7.173514e-01"
"1"," -6.075723e-01"
"1"," 7.199660e-01"
"1","
[100,]"
"1","    1"
"1","  1.4131200"
"1"," 4.314594e+00"
"1","  8.962101e+00"
"1"," 3.831346e-01"
"1","
[101,]"
"1","    1"
"1"," -0.2170120"
"1"," 5.038094e+00"
"1","  1.130836e+01"
"1"," 1.192504e+02"
"1","
[102,]"
"1","    1"
"1","  2.1849600"
"1"," 5.036344e-02"
"1","  1.130246e-02"
"1"," 1.794319e-01"
"1","
[103,]"
"1","    1"
"1","  3.5749500"
"1"," 1.947504e+00"
"1"," -2.717800e+00"
"1"," 7.037489e+00"
"1","
[104,]"
"1","    1"
"1","  1.5959900"
"1"," 2.886159e+00"
"1","  4.903209e+00"
"1"," 9.819120e-01"
"1","
[105,]"
"1","    1"
"1","  1.6805300"
"1"," 3.494694e+00"
"1","  6.533015e+00"
"1"," 1.811076e+00"
"1","
[106,]"
"1","    1"
"1"," -2.6120000"
"1"," 1.993292e+00"
"1"," -2.814210e+00"
"1"," 2.146906e+01"
"1","
[107,]"
"1","    1"
"1"," -6.1554400"
"1"," 2.602734e+01"
"1"," -1.327837e+02"
"1"," 1.403952e+01"
"1","
[108,]"
"1","    1"
"1"," -5.8802800"
"1"," 4.200983e+00"
"1"," -8.610461e+00"
"1"," 8.727902e-01"
"1","
[109,]"
"1","    1"
"1"," -5.5521800"
"1"," 5.503388e+00"
"1"," -1.291056e+01"
"1"," 6.175931e+02"
"1","
[110,]"
"1","    1"
"1"," -2.7373500"
"1"," 1.374756e+00"
"1"," -1.611902e+00"
"1"," 3.017507e-02"
"1","
[111,]"
"1","    1"
"1"," -0.7926270"
"1"," 7.102090e-01"
"1","  5.985208e-01"
"1"," 2.191223e-01"
"1","
[112,]"
"1","    1"
"1","  4.2147900"
"1"," 1.316173e+01"
"1","  4.774958e+01"
"1"," 8.923440e+02"
"1","
[113,]"
"1","    1"
"1","  6.1627200"
"1"," 6.311858e+01"
"1","  5.014594e+02"
"1"," 1.191896e+03"
"1","
[114,]"
"1","    1"
"1","  4.5496100"
"1"," 2.849350e+01"
"1","  1.520963e+02"
"1"," 6.178408e+01"
"1","
[115,]"
"1","    1"
"1","  2.9977600"
"1"," 3.249619e+00"
"1","  5.857991e+00"
"1"," 9.827268e+00"
"1","
[116,]"
"1","    1"
"1","  3.3120200"
"1"," 4.315300e-02"
"1","  8.964302e-03"
"1"," 1.187917e-01"
"1","
[117,]"
"1","    1"
"1"," -0.3215960"
"1"," 2.743893e+00"
"1"," -4.545176e+00"
"1"," 3.148253e+01"
"1","
[118,]"
"1","    1"
"1"," -2.9107700"
"1"," 4.621933e+01"
"1"," -3.142212e+02"
"1"," 6.517585e+01"
"1","
[119,]"
"1","    1"
"1"," -4.9312600"
"1"," 7.703503e+01"
"1"," -6.761333e+02"
"1"," 3.831542e+01"
"1","
[120,]"
"1","    1"
"1"," -6.0288800"
"1"," 3.202043e+01"
"1"," -1.811927e+02"
"1"," 1.160167e+03"
"1","
[121,]"
"1","    1"
"1"," -2.5845500"
"1"," 1.813380e-01"
"1"," -7.722061e-02"
"1"," 4.468134e+00"
"1","
[122,]"
"1","    1"
"1","  0.4558820"
"1"," 1.060982e+00"
"1","  1.092854e+00"
"1"," 1.153851e-06"
"1","
[123,]"
"1","    1"
"1","  1.0838400"
"1"," 9.999003e-02"
"1"," -3.161805e-02"
"1"," 1.127477e+00"
"1","
[124,]"
"1","    1"
"1"," -0.1540880"
"1"," 2.147071e-01"
"1"," -9.948777e-02"
"1"," 6.302837e+00"
"1","
[125,]"
"1","    1"
"1","  0.5928480"
"1"," 2.155299e-01"
"1","  1.000602e-01"
"1"," 3.773783e+00"
"1","
[126,]"
"1","    1"
"1"," -2.9857700"
"1"," 9.411826e-02"
"1","  2.887426e-02"
"1"," 3.505144e-01"
"1","
[127,]"
"1","    1"
"1"," -0.1718100"
"1"," 5.472301e-01"
"1","  4.048134e-01"
"1"," 1.269256e-08"
"1","
[128,]"
"1","    1"
"1"," -0.4851490"
"1"," 7.279042e+00"
"1","  1.963864e+01"
"1"," 2.637695e-02"
"1","
[129,]"
"1","    1"
"1"," -0.2084040"
"1"," 1.631279e+01"
"1","  6.588591e+01"
"1"," 1.562813e+00"
"1","
[130,]"
"1","    1"
"1","  1.2242900"
"1"," 1.306049e+01"
"1","  4.719970e+01"
"1"," 4.920483e-01"
"1","
[131,]"
"1","    1"
"1","  4.5122700"
"1"," 1.405013e+01"
"1","  5.266480e+01"
"1"," 4.457135e+01"
"1","
[132,]"
"1","    1"
"1","  3.3929300"
"1"," 2.527337e+00"
"1","  4.017859e+00"
"1"," 6.836334e-07"
"1","
[133,]"
"1","    1"
"1","  4.6744000"
"1"," 1.047176e+01"
"1","  3.388672e+01"
"1"," 1.483514e+01"
"1","
[134,]"
"1","    1"
"1","  2.7172700"
"1"," 3.524143e+00"
"1","  6.615767e+00"
"1"," 4.873621e-02"
"1","
[135,]"
"1","    1"
"1"," -1.3647700"
"1"," 4.963360e+00"
"1"," -1.105767e+01"
"1"," 1.413757e+02"
"1","
[136,]"
"1","    1"
"1"," -0.5678270"
"1"," 3.079042e+00"
"1"," -5.402857e+00"
"1"," 1.635038e+00"
"1","
[137,]"
"1","    1"
"1"," -2.7378100"
"1"," 7.465737e+00"
"1"," -2.039901e+01"
"1"," 3.375033e-01"
"1","
[138,]"
"1","    1"
"1"," -2.1513200"
"1"," 6.331363e+00"
"1"," -1.593110e+01"
"1"," 2.074357e+01"
"1","
[139,]"
"1","    1"
"1"," -1.0673900"
"1"," 3.917683e+01"
"1"," -2.452133e+02"
"1"," 5.087758e+01"
"1","
[140,]"
"1","    1"
"1"," -1.2548100"
"1"," 2.050179e+01"
"1"," -9.282984e+01"
"1"," 1.038468e+02"
"1","
[141,]"
"1","    1"
"1","  0.1777550"
"1"," 4.357135e-01"
"1","  2.876084e-01"
"1"," 1.895933e-01"
"1","
[142,]"
"1","    1"
"1","  0.5919540"
"1"," 1.181015e+01"
"1","  4.058665e+01"
"1"," 4.863929e-01"
"1","
[143,]"
"1","    1"
"1","  0.7295690"
"1"," 5.780743e-01"
"1","  4.395169e-01"
"1"," 7.197127e-03"
"1","
[144,]"
"1","    1"
"1"," -1.9344600"
"1"," 7.607998e+00"
"1"," -2.098484e+01"
"1"," 1.250521e+02"
"1","
[145,]"
"1","    1"
"1"," -2.1158200"
"1"," 7.850137e-01"
"1"," -6.955300e-01"
"1"," 3.374746e+02"
"1","
[146,]"
"1","    1"
"1","  0.1567670"
"1"," 7.424372e+00"
"1","  2.022970e+01"
"1"," 3.361492e+01"
"1","
[147,]"
"1","    1"
"1"," -0.2665680"
"1"," 1.355129e+00"
"1","  1.577505e+00"
"1"," 3.993176e+00"
"1","
[148,]"
"1","    1"
"1"," -1.6329500"
"1"," 7.155358e+00"
"1"," -1.914022e+01"
"1"," 7.125001e+00"
"1","
[149,]"
"1","    1"
"1","  0.2453960"
"1"," 2.294937e-01"
"1","  1.099401e-01"
"1"," 1.389899e-04"
"1","
[150,]"
"1","    1"
"1"," -0.0145057"
"1"," 4.749649e-01"
"1","  3.273349e-01"
"1"," 6.233591e+00"
"1","
[151,]"
"1","    1"
"1","  0.6072830"
"1"," 1.483968e-01"
"1","  5.716584e-02"
"1"," 2.524832e+01"
"1","
[152,]"
"1","    1"
"1","  3.8114600"
"1"," 3.537484e+00"
"1","  6.653370e+00"
"1"," 2.040546e+01"
"1","
[153,]"
"1","    1"
"1","  3.7606500"
"1"," 1.411542e+01"
"1","  5.303236e+01"
"1"," 9.505407e-01"
"1","
[154,]"
"1","    1"
"1","  3.5441100"
"1"," 3.135642e+01"
"1","  1.755859e+02"
"1"," 1.323366e+02"
"1","
[155,]"
"1","    1"
"1","  0.6701810"
"1"," 9.025698e+00"
"1","  2.711572e+01"
"1"," 3.647619e-03"
"1","
[156,]"
"1","    1"
"1","  2.8811400"
"1"," 1.124300e-02"
"1"," -1.192129e-03"
"1"," 5.015167e+02"
"1","
[157,]"
"1","    1"
"1"," -0.8761230"
"1"," 2.127893e+00"
"1"," -3.104022e+00"
"1"," 8.542408e-01"
"1","
[158,]"
"1","    1"
"1"," -0.6793970"
"1"," 1.194583e-02"
"1","  1.305644e-03"
"1"," 5.365846e+02"
"1","
[159,]"
"1","    1"
"1"," -1.6758100"
"1"," 5.126675e-01"
"1"," -3.670740e-01"
"1"," 9.432184e+00"
"1","
[160,]"
"1","    1"
"1"," -0.8976520"
"1"," 5.805257e+00"
"1"," -1.398724e+01"
"1"," 1.476384e+00"
"1","
[161,]"
"1","    1"
"1"," -2.6165700"
"1"," 5.229500e+00"
"1"," -1.195887e+01"
"1"," 1.385399e+00"
"1","
[162,]"
"1","    1"
"1"," -3.4183900"
"1"," 1.230971e+01"
"1"," -4.318887e+01"
"1"," 1.239266e+02"
"1","
[163,]"
"1","    1"
"1"," -2.5643300"
"1"," 1.179455e+01"
"1"," -4.050627e+01"
"1"," 4.770788e-01"
"1","
[164,]"
"1","    1"
"1"," -2.2593300"
"1"," 1.521031e+01"
"1"," -5.932083e+01"
"1"," 1.612419e+02"
"1","
[165,]"
"1","    1"
"1"," -1.5739600"
"1"," 1.316160e+00"
"1"," -1.509951e+00"
"1"," 2.031449e+02"
"1","
[166,]"
"1","    1"
"1","  0.2340930"
"1"," 2.158519e+00"
"1","  3.171275e+00"
"1"," 1.886177e+01"
"1","
[167,]"
"1","    1"
"1","  0.3481560"
"1"," 6.583748e-01"
"1","  5.342073e-01"
"1"," 4.090166e-01"
"1","
[168,]"
"1","    1"
"1","  1.0751000"
"1"," 4.234209e-01"
"1"," -2.755234e-01"
"1"," 5.962304e-02"
"1","
[169,]"
"1","    1"
"1","  1.2934500"
"1"," 8.229554e+00"
"1"," -2.360829e+01"
"1"," 2.101317e-04"
"1","
[170,]"
"1","    1"
"1","  2.4442500"
"1"," 9.570299e-02"
"1","  2.960658e-02"
"1"," 7.634584e+00"
"1","
[171,]"
"1","    1"
"1","  0.5082360"
"1"," 1.876160e+00"
"1","  2.569833e+00"
"1"," 1.835920e-02"
"1","
[172,]"
"1","    1"
"1","  1.4873600"
"1"," 7.358524e+00"
"1","  1.996117e+01"
"1"," 2.006148e+02"
"1","
[173,]"
"1","    1"
"1","  0.7751070"
"1"," 1.000514e+01"
"1","  3.164715e+01"
"1"," 8.424887e+01"
"1","
[174,]"
"1","    1"
"1"," -0.0138807"
"1"," 6.592929e+00"
"1","  1.692847e+01"
"1"," 6.451475e-04"
"1","
[175,]"
"1","    1"
"1"," -0.1259590"
"1"," 1.003439e+01"
"1","  3.178603e+01"
"1"," 1.127908e-01"
"1","
[176,]"
"1","    1"
"1","  0.4921300"
"1"," 5.928008e+00"
"1","  1.443322e+01"
"1"," 2.288643e+00"
"1","
[177,]"
"1","    1"
"1"," -2.1962500"
"1"," 1.408111e-01"
"1"," -5.283907e-02"
"1"," 2.935717e-01"
"1","
[178,]"
"1","    1"
"1"," -0.5143970"
"1"," 2.751949e+00"
"1","  4.565209e+00"
"1"," 2.930393e-01"
"1","
[179,]"
"1","    1"
"1"," -0.4430280"
"1"," 5.804093e-01"
"1","  4.421825e-01"
"1"," 1.157813e+02"
"1","
[180,]"
"1","    1"
"1","  0.3005250"
"1"," 5.414944e-01"
"1"," -3.984657e-01"
"1"," 4.027295e+00"
"1","
[181,]"
"1","    1"
"1"," -0.7718600"
"1"," 1.571861e+01"
"1"," -6.231909e+01"
"1"," 4.669769e+01"
"1","
[182,]"
"1","    1"
"1","  1.3753300"
"1"," 4.557115e+00"
"1"," -9.728255e+00"
"1"," 2.583639e+01"
"1","
[183,]"
"1","    1"
"1","  2.4251600"
"1"," 6.823140e-01"
"1","  5.636071e-01"
"1"," 1.332818e+02"
"1","
[184,]"
"1","    1"
"1"," -0.4295160"
"1"," 1.992301e+01"
"1"," -8.892676e+01"
"1"," 9.488068e+00"
"1","
[185,]"
"1","    1"
"1","  0.1900900"
"1"," 4.782488e+00"
"1"," -1.045877e+01"
"1"," 1.349688e+00"
"1","
[186,]"
"1","    1"
"1"," -1.4190200"
"1"," 2.299404e-01"
"1"," -1.102612e-01"
"1"," 1.808554e+01"
"1","
[187,]"
"1","    1"
"1"," -2.2402200"
"1"," 1.759868e+00"
"1","  2.334640e+00"
"1"," 1.536519e+01"
"1","
[188,]"
"1","    1"
"1"," -2.7342200"
"1"," 7.706399e-01"
"1","  6.765147e-01"
"1"," 5.753558e+00"
"1","
[189,]"
"1","    1"
"1","  0.5325750"
"1"," 7.337156e-01"
"1","  6.284802e-01"
"1"," 3.555057e+00"
"1","
[190,]"
"1","    1"
"1","  1.8113900"
"1"," 1.139744e+01"
"1","  3.847788e+01"
"1"," 4.329274e+00"
"1","
[191,]"
"1","    1"
"1","  2.0178400"
"1"," 1.222055e+01"
"1","  4.272047e+01"
"1"," 9.066051e+00"
"1","
[192,]"
"1","    1"
"1","  0.3842780"
"1"," 4.549732e-02"
"1"," -9.704623e-03"
"1"," 5.404986e+00"
"1","
[193,]"
"1","    1"
"1","  0.0758609"
"1"," 1.001039e+01"
"1"," -3.167207e+01"
"1"," 5.446937e+00"
"1","
[194,]"
"1","    1"
"1","  2.1678400"
"1"," 3.162031e-02"
"1"," -5.622755e-03"
"1"," 2.268009e+02"
"1","
[195,]"
"1","    1"
"1"," -0.7731560"
"1"," 3.629255e-03"
"1","  2.186383e-04"
"1"," 1.827890e+01"
"1","
[196,]"
"1","    1"
"1"," -0.7898160"
"1"," 3.178661e+00"
"1"," -5.667171e+00"
"1"," 6.253851e-02"
"1","
[197,]"
"1","    1"
"1","  2.8444200"
"1"," 1.660129e+00"
"1"," -2.139010e+00"
"1"," 4.345023e+00"
"1","
[198,]"
"1","    1"
"1","  1.8521600"
"1"," 5.692144e-01"
"1"," -4.294512e-01"
"1"," 5.886234e+01"
"1","
[199,]"
"1","    1"
"1"," -1.0958600"
"1"," 1.286773e-02"
"1"," -1.459663e-03"
"1"," 1.684579e+00"
"1","
[200,]"
"1","    1"
"1"," -2.4489600"
"1"," 1.662604e+00"
"1"," -2.143795e+00"
"1"," 6.746903e+00"
"1","
"
"1"," [ reached getOption(""max.print"") -- omitted 1 row ]
"
"0","#Calculating thetahat of model 1"
"0","Model1_thetahat=solve(t(X_model1) %*% X_model1) %*% t(X_model1) %*% Y"
"0","Model1_thetahat"
"1","    "
"1","             Y"
"1","
[1,]"
"1","  0.4798284629"
"1","
[2,]"
"1","  0.1434460704"
"1","
[3,]"
"1","  0.0003254641"
"1","
[4,]"
"1","  0.0100562759"
"1","
[5,]"
"1"," -0.0019198749"
"1","
"
